{
  "model": "baseline",
  "train_losses": [
    2.1285277676391603,
    1.5337329580688477,
    1.1472459956550598,
    0.9067776765632629,
    0.7533694026374816,
    0.6721846653938294,
    0.5841523497009278,
    0.5558980881118775,
    0.531787444190979,
    0.5068739820194245,
    0.495135115776062,
    0.4850505940055847,
    0.47259168384552,
    0.46372517033576965,
    0.4537569844055176,
    0.44374861161231993,
    0.44675182735443114,
    0.4383522159385681,
    0.42789815988540647,
    0.4235036983299255,
    0.4116025159931183,
    0.4066902886581421,
    0.40247888750076294,
    0.39079179929733276,
    0.3912182898807526,
    0.38603481159210207,
    0.380711704788208,
    0.38236893253326415,
    0.3629552469825745,
    0.36748836853027345,
    0.35864293539047243,
    0.35876343443870545,
    0.3449208099937439,
    0.34573132071495055,
    0.34186772312164304,
    0.33437288625717165,
    0.33351837161064146,
    0.32310032474517825,
    0.31731778464317323,
    0.31412106578826904,
    0.30887706248283386,
    0.30239351073265075,
    0.29415982117652895,
    0.29194014664649964,
    0.2883585695266724,
    0.28289170043468476,
    0.2697927536058426,
    0.264498892493248,
    0.26677370168685915,
    0.25800546943187713,
    0.2508601254367828,
    0.24422117973327637,
    0.23983616261482238,
    0.2377927408313751,
    0.21987198630332946,
    0.21958184144973755,
    0.21634016342163087,
    0.20507392338752747,
    0.19780177733898163,
    0.1915592901134491
  ],
  "val_losses": [
    1.5777109184265137,
    1.392949423980713,
    1.01743034324646,
    0.8242901580810547,
    0.9460776187896729,
    0.9087458894729614,
    0.8637754546165466,
    6.345770190429688,
    0.6295329042434692,
    0.7363998391151428,
    0.9282541717529297,
    0.6025359018325805,
    0.7375005753517151,
    0.898459872341156,
    0.6638655762672424,
    0.7920610855102539,
    0.6779712481498719,
    0.5565307446479797,
    0.6964528074264527,
    0.4946209548950195,
    0.8318597091674804,
    1.147040821838379,
    0.7527838850975037,
    0.6326344589233398,
    0.5753865212440491,
    0.6409743282318116,
    0.5034793525695801,
    0.6664756721496582,
    0.5464977834701538,
    1.2290490787506103,
    0.8701344932556152,
    0.5530803978919983,
    0.4661596737384796,
    0.5628373639106751,
    0.5769272145986557,
    0.5154228549480439,
    0.6328482280731201,
    0.4325278635978699,
    0.746977130317688,
    0.43386932916641235,
    0.5628108976364136,
    0.4161539288520813,
    0.4556581835269928,
    0.4167979318857193,
    0.5056155901908874,
    0.3967172127723694,
    0.4905980326652527,
    0.5092673486709595,
    0.42366188986301423,
    0.3726535672187805,
    0.38926987895965576,
    0.48926405792236327,
    0.4302078903198242,
    0.34230214475393295,
    0.3567455101490021,
    0.39431840991973877,
    0.4493136873245239,
    0.35908019127845764,
    0.3949975345134735,
    0.37210044991970065
  ],
  "train_accs": [
    26.634,
    43.64,
    58.612,
    67.924,
    73.866,
    76.974,
    80.118,
    81.072,
    81.756,
    82.582,
    82.996,
    83.284,
    83.862,
    83.996,
    84.386,
    84.802,
    84.478,
    85.114,
    85.292,
    85.38,
    85.774,
    86.114,
    86.172,
    86.614,
    86.538,
    86.666,
    86.92,
    86.848,
    87.516,
    87.406,
    87.63,
    87.722,
    88.212,
    88.12,
    88.272,
    88.574,
    88.522,
    88.872,
    89.06,
    89.242,
    89.428,
    89.616,
    90.012,
    89.962,
    90.104,
    90.33,
    90.82,
    90.942,
    90.808,
    91.102,
    91.38,
    91.484,
    91.644,
    91.826,
    92.496,
    92.448,
    92.516,
    92.9,
    93.206,
    93.426
  ],
  "val_accs": [
    40.28,
    49.48,
    64.39,
    71.39,
    71.2,
    70.13,
    74.09,
    49.62,
    78.28,
    73.55,
    69.97,
    80.27,
    75.03,
    71.93,
    78.67,
    76.01,
    78.02,
    81.32,
    78.04,
    83.03,
    75.57,
    70.38,
    75.73,
    80.17,
    81.43,
    80.37,
    82.62,
    79.17,
    81.77,
    68.46,
    73.4,
    81.1,
    85.01,
    81.28,
    80.85,
    83.18,
    79.59,
    85.25,
    77.66,
    85.74,
    82.56,
    86.12,
    85.23,
    86.65,
    84.27,
    86.87,
    84.3,
    83.82,
    85.91,
    87.84,
    87.18,
    83.56,
    86.25,
    88.49,
    88.37,
    87.47,
    86.28,
    88.44,
    87.94,
    87.8
  ],
  "best_val_acc": 88.49
}