{
  "model": "cbam",
  "train_losses": [
    1.738468265991211,
    1.4013832079315185,
    1.0672182563781738,
    0.8687933257865906,
    0.7201952706336975,
    0.6482568323898316,
    0.5790522295379639,
    0.5334716398048401,
    0.502356687374115,
    0.48593585830688474,
    0.4760580157375336,
    0.4688432746696472,
    0.4608540602016449,
    0.4534089459896088,
    0.4437999344444275,
    0.42864758498191835,
    0.4210007220649719,
    0.4153744636440277,
    0.411413233127594,
    0.39883456316947935,
    0.39317084573745725,
    0.3849218026351929,
    0.37354079303741455,
    0.36376402681350706,
    0.3548092108917236,
    0.3413637671661377,
    0.330211395816803,
    0.3174037985610962,
    0.31259312854766846,
    0.304347040681839,
    0.28767399831295015,
    0.28259833436012266,
    0.2680646811962128,
    0.2614231984615326,
    0.2436994559764862,
    0.23571001113891601,
    0.22164842843055724,
    0.20745552891254426,
    0.19917041718482972,
    0.18118339015483856,
    0.1688614592075348,
    0.15510632884979247,
    0.14347599972724914,
    0.12678356541633606,
    0.1097853119134903,
    0.09659847694396972,
    0.0831657813692093,
    0.0679421024799347,
    0.05531834235668182,
    0.04392053717553616,
    0.03408687332749367,
    0.027063008213043215,
    0.01939713443815708,
    0.015409466804265975,
    0.014347684414535761,
    0.011122157243341207,
    0.00951351543456316,
    0.00892954992800951,
    0.008282103123664855,
    0.008557015052139759
  ],
  "val_losses": [
    1.420787020111084,
    1.271219095993042,
    0.9831666088104248,
    0.7768898765563965,
    0.9916739824295044,
    0.6572671271324158,
    0.839863922214508,
    0.668611651134491,
    0.7538132772445679,
    0.6744042647361755,
    0.6066402823448181,
    0.6439325943946839,
    0.6300108573436737,
    0.8620380875587463,
    0.5914342690706254,
    0.5290588533401489,
    0.4759542112350464,
    0.5774768676280976,
    0.6170441598892212,
    0.5180500382423401,
    0.486788437128067,
    0.6832780121803284,
    0.6423449355602264,
    0.48041763610839844,
    0.5904575194358825,
    0.5440177036762237,
    0.4946115739107132,
    0.4679005827903748,
    0.4229360072612762,
    0.5078673921585083,
    0.3998702670097351,
    0.47777670907974246,
    0.41869225454330444,
    0.3910803135871887,
    0.354059891295433,
    0.3516115247249603,
    0.3534719095468521,
    0.36531493513584135,
    0.3751514236450195,
    0.3197484569072723,
    0.42632186374664305,
    0.3245881044387817,
    0.3068850175380707,
    0.2900416442871094,
    0.27558310928344726,
    0.25344361062049864,
    0.2808664175748825,
    0.22183590879440307,
    0.23985966017246246,
    0.2288768644928932,
    0.21363105275034905,
    0.20172015132904053,
    0.2006386167526245,
    0.1885786678314209,
    0.19139639468193054,
    0.18812505037784577,
    0.18701067724227904,
    0.18381973042488098,
    0.1848957010269165,
    0.18366427841186522
  ],
  "train_accs": [
    35.12,
    49.714,
    62.246,
    69.692,
    74.99,
    77.74,
    80.042,
    81.546,
    82.75,
    83.214,
    83.642,
    83.934,
    84.262,
    84.374,
    84.792,
    85.242,
    85.398,
    85.58,
    85.722,
    86.306,
    86.57,
    86.68,
    87.13,
    87.524,
    87.756,
    88.22,
    88.624,
    89.142,
    89.182,
    89.402,
    90.054,
    90.208,
    90.728,
    90.884,
    91.554,
    91.834,
    92.338,
    92.774,
    93.026,
    93.642,
    94.194,
    94.626,
    95.084,
    95.58,
    96.248,
    96.672,
    97.162,
    97.682,
    98.176,
    98.638,
    98.93,
    99.192,
    99.488,
    99.61,
    99.632,
    99.75,
    99.808,
    99.832,
    99.838,
    99.832
  ],
  "val_accs": [
    48.01,
    57.21,
    65.55,
    73.07,
    67.67,
    78.19,
    71.92,
    77.02,
    75.25,
    77.33,
    79.53,
    78.7,
    79.02,
    74.16,
    79.76,
    82.72,
    83.57,
    81.13,
    79.95,
    82.18,
    83.15,
    77.68,
    79.47,
    83.98,
    80.0,
    81.51,
    83.63,
    84.5,
    85.64,
    83.35,
    86.85,
    84.52,
    86.49,
    86.9,
    88.28,
    88.67,
    88.57,
    87.78,
    87.42,
    89.3,
    86.94,
    89.81,
    90.68,
    90.3,
    91.35,
    92.25,
    91.47,
    92.97,
    92.9,
    93.1,
    93.74,
    93.88,
    94.19,
    94.41,
    94.45,
    94.59,
    94.45,
    94.65,
    94.56,
    94.53
  ],
  "best_val_acc": 94.65
}